vus,result,phase,name,count,rps,p50_ms,p95_ms,p99_ms,avg_ms,max_ms,failed,failed_rate,status_5xx,server_error_rate,checks_rate
1875,fail,warmup,ALL,23782,198.18,3.25,5.85,20.45,4.16,256.98,0,0.0,0,0.0,1.0
1875,fail,warmup,confirm,604,5.03,3.75,6.21,10.01,4.21,57.61,0,0.0,0,0.0,1.0
1875,fail,warmup,download,22555,187.96,3.22,5.79,20.95,4.13,256.98,0,0.0,0,0.0,1.0
1875,fail,warmup,upload,623,5.19,4.43,6.84,16.89,5.19,102.37,0,0.0,0,0.0,1.0
1875,fail,bench,ALL,67928,226.43,4089.51,6316.52,7476.68,3415.43,13129.15,0,0.0,0,0.0,1.0
1875,fail,bench,confirm,1702,5.67,3404.8,4593.28,5430.46,2646.88,6658.11,0,0.0,0,0.0,1.0
1875,fail,bench,download,64512,215.04,4145.59,6353.45,7521.85,3455.87,13129.15,0,0.0,0,0.0,1.0
1875,fail,bench,upload,1714,5.71,3433.15,4641.45,5456.14,2656.49,6294.37,0,0.0,0,0.0,1.0
1875,fail,cooldown,ALL,17107,142.56,514.23,4522.34,5647.0,1485.74,10888.96,0,0.0,0,0.0,1.0
1875,fail,cooldown,confirm,452,3.77,290.75,3337.83,3395.29,1081.78,3433.71,0,0.0,0,0.0,1.0
1875,fail,cooldown,download,16234,135.28,533.99,4567.48,5665.3,1507.87,10888.96,0,0.0,0,0.0,1.0
1875,fail,cooldown,upload,421,3.51,158.02,3310.22,3388.08,1066.08,3451.89,0,0.0,0,0.0,1.0
