t_s,phase,name,count,rps,p50_ms,p95_ms,p99_ms,failed,status_5xx,vus
0,warmup,ALL,178,17.8,3.35,4.12,6.1,0,0,112.0
0,warmup,confirm,2,0.2,3.24,4.29,4.29,0,0,112.0
0,warmup,download,173,17.3,3.35,3.82,6.1,0,0,112.0
0,warmup,upload,3,0.3,4.7,5.12,5.12,0,0,112.0
10,warmup,ALL,445,44.5,3.23,4.27,5.7,0,0,243.0
10,warmup,confirm,13,1.3,3.93,4.89,4.89,0,0,243.0
10,warmup,download,417,41.7,3.22,3.65,5.08,0,0,243.0
10,warmup,upload,15,1.5,4.54,5.7,5.7,0,0,243.0
20,warmup,ALL,706,70.6,3.21,9.5,20.91,0,0,373.0
20,warmup,confirm,15,1.5,3.73,9.28,9.28,0,0,373.0
20,warmup,download,673,67.3,3.19,9.84,20.91,0,0,373.0
20,warmup,upload,18,1.8,4.54,54.41,54.41,0,0,373.0
30,warmup,ALL,970,97.0,3.12,4.09,10.71,0,0,503.0
30,warmup,confirm,21,2.1,3.68,4.29,4.81,0,0,503.0
30,warmup,download,933,93.3,3.11,3.72,10.71,0,0,503.0
30,warmup,upload,16,1.6,4.51,5.33,5.33,0,0,503.0
40,warmup,ALL,1241,124.1,3.19,6.69,16.63,0,0,633.0
40,warmup,confirm,30,3.0,3.69,5.33,11.43,0,0,633.0
40,warmup,download,1175,117.5,3.17,6.52,16.63,0,0,633.0
40,warmup,upload,36,3.6,4.36,10.45,20.45,0,0,633.0
50,warmup,ALL,1507,150.7,3.11,4.22,5.6,0,0,763.0
50,warmup,confirm,38,3.8,3.63,4.47,5.59,0,0,763.0
50,warmup,download,1430,143.0,3.09,4.0,5.6,0,0,763.0
50,warmup,upload,39,3.9,4.35,5.01,9.33,0,0,763.0
60,warmup,ALL,1530,153.0,4.64,2302.27,3158.84,0,0,893.0
60,warmup,confirm,29,2.9,4.4,978.98,1488.99,0,0,893.0
60,warmup,download,1474,147.4,4.5,2316.47,3213.77,0,0,893.0
60,warmup,upload,27,2.7,179.35,988.42,1367.6,0,0,893.0
70,warmup,ALL,2014,201.4,3.19,1025.19,2222.35,0,0,1024.0
70,warmup,confirm,38,3.8,3.67,18.43,30.7,0,0,1024.0
70,warmup,download,1935,193.5,3.16,1070.13,2222.43,0,0,1024.0
70,warmup,upload,41,4.1,4.66,7.45,8.78,0,0,1024.0
80,warmup,ALL,2287,228.7,3.16,5.37,9.71,0,0,1154.0
80,warmup,confirm,48,4.8,3.68,5.01,6.04,0,0,1154.0
80,warmup,download,2183,218.3,3.12,5.33,10.06,0,0,1154.0
80,warmup,upload,56,5.6,4.31,5.76,6.19,0,0,1154.0
90,warmup,ALL,2555,255.5,3.28,5.74,27.11,0,0,1284.0
90,warmup,confirm,62,6.2,3.78,4.91,9.31,0,0,1284.0
90,warmup,download,2430,243.0,3.25,5.66,27.25,0,0,1284.0
90,warmup,upload,63,6.3,4.44,6.57,9.3,0,0,1284.0
100,warmup,ALL,2820,282.0,3.45,8.51,25.05,0,0,1414.0
100,warmup,confirm,79,7.9,3.95,16.66,35.45,0,0,1414.0
100,warmup,download,2667,266.7,3.41,8.29,25.05,0,0,1414.0
100,warmup,upload,74,7.4,4.63,11.38,22.6,0,0,1414.0
110,warmup,ALL,3087,308.7,3.39,6.16,11.39,0,0,1544.0
110,warmup,confirm,75,7.5,3.74,6.56,10.62,0,0,1544.0
110,warmup,download,2934,293.4,3.35,6.0,11.1,0,0,1544.0
110,warmup,upload,78,7.8,4.72,8.38,13.46,0,0,1544.0
120,bench,ALL,3166,316.6,3.45,5.82,10.16,0,0,1562.0
120,bench,confirm,80,8.0,4.3,6.59,14.21,0,0,1562.0
120,bench,download,3004,300.4,3.41,5.68,9.76,0,0,1562.0
120,bench,upload,82,8.2,4.94,7.82,13.13,0,0,1562.0
130,bench,ALL,3161,316.1,3.45,6.82,16.47,0,0,1562.0
130,bench,confirm,76,7.6,4.37,7.91,12.05,0,0,1562.0
130,bench,download,3014,301.4,3.4,6.8,16.47,0,0,1562.0
130,bench,upload,71,7.1,5.23,7.91,16.7,0,0,1562.0
140,bench,ALL,3161,316.1,3.5,6.75,14.61,0,0,1562.0
140,bench,confirm,73,7.3,4.49,10.01,31.07,0,0,1562.0
140,bench,download,3014,301.4,3.45,6.73,14.51,0,0,1562.0
140,bench,upload,74,7.4,5.29,6.75,13.55,0,0,1562.0
150,bench,ALL,3162,316.2,3.54,6.21,19.37,0,0,1562.0
150,bench,confirm,80,8.0,4.37,11.22,64.96,0,0,1562.0
150,bench,download,2995,299.5,3.48,6.01,18.31,0,0,1562.0
150,bench,upload,87,8.7,5.15,8.73,22.07,0,0,1562.0
160,bench,ALL,3174,317.4,3.62,7.72,13.82,0,0,1562.0
160,bench,confirm,91,9.1,4.42,8.85,16.38,0,0,1562.0
160,bench,download,2999,299.9,3.55,7.56,14.2,0,0,1562.0
160,bench,upload,84,8.4,5.24,9.49,10.82,0,0,1562.0
170,bench,ALL,3163,316.3,3.51,6.01,11.57,0,0,1562.0
170,bench,confirm,70,7.0,4.4,6.45,21.74,0,0,1562.0
170,bench,download,3019,301.9,3.46,5.89,11.41,0,0,1562.0
170,bench,upload,74,7.4,5.23,6.91,16.97,0,0,1562.0
180,bench,ALL,3164,316.4,3.51,6.34,10.53,0,0,1562.0
180,bench,confirm,80,8.0,4.32,7.4,13.8,0,0,1562.0
180,bench,download,3005,300.5,3.45,6.08,10.24,0,0,1562.0
180,bench,upload,79,7.9,5.36,9.83,15.04,0,0,1562.0
190,bench,ALL,3173,317.3,3.49,6.12,11.37,0,0,1562.0
190,bench,confirm,85,8.5,4.46,6.58,13.39,0,0,1562.0
190,bench,download,3007,300.7,3.44,5.9,11.37,0,0,1562.0
190,bench,upload,81,8.1,5.2,7.21,9.1,0,0,1562.0
200,bench,ALL,3171,317.1,3.52,6.28,11.56,0,0,1562.0
200,bench,confirm,78,7.8,4.46,8.09,17.13,0,0,1562.0
200,bench,download,3008,300.8,3.46,6.18,11.15,0,0,1562.0
200,bench,upload,85,8.5,5.25,11.56,17.7,0,0,1562.0
210,bench,ALL,3165,316.5,3.43,6.22,16.39,0,0,1562.0
210,bench,confirm,74,7.4,4.18,5.58,16.31,0,0,1562.0
210,bench,download,3018,301.8,3.38,6.06,15.68,0,0,1562.0
210,bench,upload,73,7.3,5.45,9.93,89.11,0,0,1562.0
220,bench,ALL,1958,195.8,2076.7,3843.37,4748.46,0,0,1562.0
220,bench,confirm,54,5.4,1471.26,2463.24,2468.43,0,0,1562.0
220,bench,download,1855,185.5,2121.01,3869.57,4751.8,0,0,1562.0
220,bench,upload,49,4.9,1402.03,2463.42,2512.62,0,0,1562.0
230,bench,ALL,2032,203.2,2482.93,4105.11,5052.03,0,0,1562.0
230,bench,confirm,38,3.8,1675.56,1935.52,1937.95,0,0,1562.0
230,bench,download,1958,195.8,2505.4,4144.96,5083.33,0,0,1562.0
230,bench,upload,36,3.6,1692.58,1926.03,1929.04,0,0,1562.0
240,bench,ALL,2164,216.4,2323.12,3888.62,4943.03,0,0,1562.0
240,bench,confirm,52,5.2,1475.11,1770.62,1804.66,0,0,1562.0
240,bench,download,2053,205.3,2381.12,3933.67,4949.27,0,0,1562.0
240,bench,upload,59,5.9,1488.41,1810.57,1817.76,0,0,1562.0
250,bench,ALL,2189,218.9,2100.24,3597.47,4656.61,0,0,1562.0
250,bench,confirm,51,5.1,1371.77,1425.55,1433.05,0,0,1562.0
250,bench,download,2085,208.5,2137.55,3641.12,4692.24,0,0,1562.0
250,bench,upload,53,5.3,1371.65,1427.1,1434.82,0,0,1562.0
260,bench,ALL,2199,219.9,2019.17,3404.65,4245.62,0,0,1562.0
260,bench,confirm,53,5.3,1288.87,1347.69,1358.4,0,0,1562.0
260,bench,download,2097,209.7,2052.19,3424.9,4250.05,0,0,1562.0
260,bench,upload,49,4.9,1284.7,1346.33,1352.72,0,0,1562.0
270,bench,ALL,2150,215.0,2158.19,3572.5,4507.94,0,0,1562.0
270,bench,confirm,53,5.3,1440.57,1491.48,1499.67,0,0,1562.0
270,bench,download,2040,204.0,2197.73,3582.79,4535.43,0,0,1562.0
270,bench,upload,57,5.7,1419.2,1479.59,1511.23,0,0,1562.0
280,bench,ALL,2122,212.2,2265.66,3748.13,4660.39,0,0,1562.0
280,bench,confirm,53,5.3,1538.9,1589.41,1596.78,0,0,1562.0
280,bench,download,2006,200.6,2307.81,3790.73,4677.63,0,0,1562.0
280,bench,upload,63,6.3,1536.38,1579.68,1598.45,0,0,1562.0
290,bench,ALL,2166,216.6,2147.53,3688.85,4568.82,0,0,1562.0
290,bench,confirm,56,5.6,1416.08,1550.26,1580.63,0,0,1562.0
290,bench,download,2064,206.4,2179.82,3734.45,4574.48,0,0,1562.0
290,bench,upload,46,4.6,1393.82,1525.57,1540.68,0,0,1562.0
300,bench,ALL,2188,218.8,2148.85,3580.84,4504.46,0,0,1562.0
300,bench,confirm,59,5.9,1416.04,1473.43,1485.33,0,0,1562.0
300,bench,download,2067,206.7,2184.7,3638.85,4541.73,0,0,1562.0
300,bench,upload,62,6.2,1419.38,1456.79,1499.5,0,0,1562.0
310,bench,ALL,2179,217.9,2073.34,3622.41,4466.64,0,0,1562.0
310,bench,confirm,67,6.7,1366.17,1443.54,1452.22,0,0,1562.0
310,bench,download,2050,205.0,2116.11,3655.17,4486.67,0,0,1562.0
310,bench,upload,62,6.2,1359.49,1448.88,1452.51,0,0,1562.0
320,bench,ALL,2227,222.7,1995.02,3436.17,4368.99,0,0,1562.0
320,bench,confirm,50,5.0,1262.04,1358.17,1364.6,0,0,1562.0
320,bench,download,2120,212.0,2027.57,3447.82,4409.24,0,0,1562.0
320,bench,upload,57,5.7,1257.91,1353.88,1375.18,0,0,1562.0
330,bench,ALL,2204,220.4,1979.42,3431.96,4371.05,0,0,1562.0
330,bench,confirm,57,5.7,1230.41,1361.47,1398.4,0,0,1562.0
330,bench,download,2094,209.4,2012.24,3459.23,4433.95,0,0,1562.0
330,bench,upload,53,5.3,1252.35,1369.63,1413.56,0,0,1562.0
340,bench,ALL,2135,213.5,2173.42,3734.64,4582.28,0,0,1562.0
340,bench,confirm,55,5.5,1451.51,1519.6,1530.96,0,0,1562.0
340,bench,download,2035,203.5,2211.47,3776.5,4625.91,0,0,1562.0
340,bench,upload,45,4.5,1454.41,1541.78,1565.86,0,0,1562.0
350,bench,ALL,2174,217.4,2129.2,3627.02,4534.97,0,0,1562.0
350,bench,confirm,51,5.1,1397.53,1438.16,1461.57,0,0,1562.0
350,bench,download,2064,206.4,2175.32,3650.86,4559.11,0,0,1562.0
350,bench,upload,59,5.9,1406.86,1447.66,1448.02,0,0,1562.0
360,bench,ALL,2233,223.3,1993.76,3520.13,4519.64,0,0,1562.0
360,bench,confirm,74,7.4,1278.15,1382.08,1386.88,0,0,1562.0
360,bench,download,2082,208.2,2049.5,3543.05,4542.22,0,0,1562.0
360,bench,upload,77,7.7,1274.32,1383.2,1398.45,0,0,1562.0
370,bench,ALL,2158,215.8,2102.62,3597.07,4695.59,0,0,1562.0
370,bench,confirm,56,5.6,1315.69,1472.51,1489.5,0,0,1562.0
370,bench,download,2057,205.7,2134.4,3619.94,4696.46,0,0,1562.0
370,bench,upload,45,4.5,1337.26,1481.36,1489.88,0,0,1562.0
380,bench,ALL,2129,212.9,2234.03,3680.41,4553.93,0,0,1562.0
380,bench,confirm,52,5.2,1466.86,1549.75,1553.46,0,0,1562.0
380,bench,download,2026,202.6,2276.69,3708.82,4554.0,0,0,1562.0
380,bench,upload,51,5.1,1455.75,1544.38,1546.6,0,0,1562.0
390,bench,ALL,2099,209.9,2303.79,3782.82,4679.25,0,0,1562.0
390,bench,confirm,36,3.6,1560.15,1595.15,1616.84,0,0,1562.0
390,bench,download,2022,202.2,2327.35,3793.11,4679.25,0,0,1562.0
390,bench,upload,41,4.1,1556.06,1595.26,1610.42,0,0,1562.0
400,bench,ALL,2106,210.6,2422.27,3996.52,4852.46,0,0,1562.0
400,bench,confirm,43,4.3,1734.69,1844.99,1856.19,0,0,1562.0
400,bench,download,2019,201.9,2461.51,4018.17,4873.55,0,0,1562.0
400,bench,upload,44,4.4,1682.17,1839.61,1848.38,0,0,1562.0
410,bench,ALL,2119,211.9,2208.9,3769.37,4739.49,0,0,1562.0
410,bench,confirm,43,4.3,1500.27,1572.55,1596.37,0,0,1562.0
410,bench,download,2029,202.9,2258.2,3797.71,4744.97,0,0,1562.0
410,bench,upload,47,4.7,1495.6,1576.59,1587.12,0,0,1562.0
420,cooldown,ALL,2132,213.2,2205.38,3837.19,4751.08,0,0,1562.0
420,cooldown,confirm,62,6.2,1484.44,1677.15,1690.75,0,0,1562.0
420,cooldown,download,2016,201.6,2252.73,3882.99,4891.08,0,0,1562.0
420,cooldown,upload,54,5.4,1499.78,1690.97,1702.74,0,0,1562.0
430,cooldown,ALL,2123,212.3,1755.4,3322.38,4193.59,0,0,1485.0
430,cooldown,confirm,54,5.4,923.52,1113.71,1169.47,0,0,1485.0
430,cooldown,download,2015,201.5,1797.69,3384.11,4196.59,0,0,1485.0
430,cooldown,upload,54,5.4,1002.84,1130.0,1168.72,0,0,1485.0
440,cooldown,ALL,2369,236.9,470.16,2363.9,3705.91,0,0,1357.0
440,cooldown,confirm,62,6.2,34.8,495.6,568.54,0,0,1357.0
440,cooldown,download,2247,224.7,528.61,2399.93,3737.19,0,0,1357.0
440,cooldown,upload,60,6.0,33.7,526.61,541.69,0,0,1357.0
450,cooldown,ALL,2273,227.3,3.27,7.14,54.2,0,0,1219.0
450,cooldown,confirm,64,6.4,4.55,7.16,73.05,0,0,1219.0
450,cooldown,download,2147,214.7,3.23,7.14,54.2,0,0,1219.0
450,cooldown,upload,62,6.2,5.08,6.29,8.41,0,0,1219.0
460,cooldown,ALL,2010,201.0,3.36,6.81,13.2,0,0,1081.0
460,cooldown,confirm,56,5.6,4.3,7.62,14.22,0,0,1081.0
460,cooldown,download,1896,189.6,3.31,6.77,13.2,0,0,1081.0
460,cooldown,upload,58,5.8,4.9,8.73,15.5,0,0,1081.0
470,cooldown,ALL,1737,173.7,3.32,5.19,7.53,0,0,952.0
470,cooldown,confirm,54,5.4,4.26,5.43,5.68,0,0,952.0
470,cooldown,download,1630,163.0,3.27,5.02,7.68,0,0,952.0
470,cooldown,upload,53,5.3,4.98,5.8,6.16,0,0,952.0
480,cooldown,ALL,1499,149.9,3.27,5.02,6.46,0,0,817.0
480,cooldown,confirm,49,4.9,4.25,5.28,5.61,0,0,817.0
480,cooldown,download,1404,140.4,3.24,4.62,6.29,0,0,817.0
480,cooldown,upload,46,4.6,5.06,6.54,10.27,0,0,817.0
490,cooldown,ALL,1217,121.7,3.27,4.63,5.8,0,0,698.0
490,cooldown,confirm,34,3.4,4.25,5.26,5.48,0,0,698.0
490,cooldown,download,1149,114.9,3.24,4.31,5.4,0,0,698.0
490,cooldown,upload,34,3.4,5.14,6.04,6.27,0,0,698.0
500,cooldown,ALL,946,94.6,3.33,5.21,9.75,0,0,561.0
500,cooldown,confirm,34,3.4,4.28,6.29,14.58,0,0,561.0
500,cooldown,download,881,88.1,3.3,4.66,9.55,0,0,561.0
500,cooldown,upload,31,3.1,5.19,8.89,13.71,0,0,561.0
510,cooldown,ALL,683,68.3,3.34,4.65,11.35,0,0,432.0
510,cooldown,confirm,15,1.5,4.39,64.51,64.51,0,0,432.0
510,cooldown,download,655,65.5,3.32,4.45,8.07,0,0,432.0
510,cooldown,upload,13,1.3,5.16,5.74,5.74,0,0,432.0
520,cooldown,ALL,417,41.7,3.45,4.91,5.72,0,0,301.0
520,cooldown,confirm,14,1.4,4.45,8.21,8.21,0,0,301.0
520,cooldown,download,389,38.9,3.43,4.45,5.72,0,0,301.0
520,cooldown,upload,14,1.4,5.13,5.58,5.58,0,0,301.0
530,cooldown,ALL,158,15.8,3.43,4.92,6.18,0,0,167.0
530,cooldown,confirm,9,0.9,4.46,4.91,4.91,0,0,167.0
530,cooldown,download,142,14.2,3.39,4.28,5.75,0,0,167.0
530,cooldown,upload,7,0.7,5.07,6.18,6.18,0,0,167.0
